<?xml version="1.0" encoding="UTF-8"?>
<beans xmlns="http://www.springframework.org/schema/beans"
 xmlns:xsi="http://www.w3.org/2001/XMLSchema-instance"
 xsi:schemaLocation="http://www.springframework.org/schema/beans
 http://www.springframework.org/schema/beans/spring-beans.xsd">
 <bean class="springfirstapp.Employee" name="employee">
 <property name ="name" value="Hardik"/>
 <property name="email" value="Hardik13@gmail.com"/>
 
 </bean>
 
 <bean class="springfirstapp.Employee" name="employee1">
 <property name ="name" value="yash"/>
 <property name="email" value="yash13@gmail.com"/>
 
 </bean>
 </beans>
 